train_loss,train_acc,train_f1,val_loss,val_acc,val_f1
1.2933867372823564,0.4205290262172285,0.3876874064033026,1.1258445736290752,0.5077202543142597,0.49592006648355075
1.0447020618879839,0.5419007490636704,0.525292491304402,1.1301394476406816,0.5122615803814714,0.49211285894550644
