train_loss,train_acc,train_f1,val_loss,val_acc,val_f1
0.2828548895951688,0.8701836701361564,0.870206626228216,0.23960774206471713,0.9071100917431193,0.9070639857354108
0.15935145089106365,0.9382321934995322,0.9382593880461149,0.24079457100650126,0.9139908256880734,0.913978941950342
