train_loss,train_acc,train_f1,val_loss,val_acc,val_f1
0.27960971140738516,0.8750835201710493,0.8746356423315125,0.23766601622443306,0.9128440366972477,0.9128288970905152
0.15897050827936293,0.9385588501685251,0.9385802813491235,0.24707708663984457,0.9208715596330275,0.9208547936988702
