train_loss,train_acc,train_f1,val_loss,val_acc,val_f1
1.2611713489789642,0.43199906367041196,0.40350449443534964,1.1021894890329111,0.5204359673024523,0.5036324186841628
1.0312324946516016,0.5464653558052435,0.5326170088453571,1.1210278773653335,0.522252497729337,0.5022215939432341
