train_loss,train_acc,train_f1,val_loss,val_acc,val_f1
0.27843204728391846,0.8748014075932827,0.8743490384206127,0.23483609055930918,0.9139908256880734,0.913978941950342
0.16026697598526038,0.9382470415299411,0.9382701030331435,0.2496190440333025,0.9174311926605505,0.9173946693334493
