train_loss,train_acc,train_f1,val_loss,val_acc,val_f1
1.285956522275446,0.4311797752808989,0.3909431691347566,1.1125896486683169,0.5095367847411444,0.4907042071170578
1.0350973766841245,0.545880149812734,0.5278653545653557,1.126515275326328,0.5267938237965486,0.5060178800604951
