train_loss,train_acc,train_f1,val_loss,val_acc,val_f1
0.28015869135952903,0.8712824243864051,0.871309966776656,0.22661297877573156,0.9197247706422018,0.9197209684315121
0.16076411548614802,0.9371631353101011,0.9371920203512213,0.23825609848665244,0.9185779816513762,0.9185607297481129
