train_loss,train_acc,train_f1,val_loss,val_acc,val_f1
1.27092033356763,0.44124531835205993,0.4040042538956006,1.1176486438599185,0.5131698455949137,0.503079269549764
1.0287658940540272,0.5489232209737828,0.5352390299844955,1.129694110241489,0.5068119891008175,0.4906555219835983
