train_loss,train_acc,train_f1,val_loss,val_acc,val_f1
0.2768523543254603,0.8760783382084366,0.8756305828579736,0.2376869011416354,0.9162844036697247,0.9162596115854266
0.15806769225138048,0.9385736981989339,0.9385970402483711,0.24579737253741107,0.9162844036697247,0.9162596115854266
