train_loss,train_acc,train_f1,val_loss,val_acc,val_f1
1.256274677840958,0.444873595505618,0.40929878695449956,1.1125862909399944,0.5104450499545867,0.49940435912123127
1.0248954046085086,0.5555945692883895,0.5406088159271243,1.1191455911898958,0.516802906448683,0.5010696728156114
